,SOC
2019-03-01 00:00:00,1032.0
2019-03-01 01:00:00,1032.0
2019-03-01 02:00:00,1290.86
2019-03-01 03:00:00,1549.72
2019-03-01 04:00:00,1808.58
2019-03-01 05:00:00,2064.0
2019-03-01 06:00:00,2064.0
2019-03-01 07:00:00,1676.0879
2019-03-01 08:00:00,1288.1758
2019-03-01 09:00:00,900.26373
2019-03-01 10:00:00,512.3516
2019-03-01 11:00:00,124.43956
2019-03-01 12:00:00,2.3564787
2019-03-01 13:00:00,1.0149064
2019-03-01 14:00:00,1.0149064
2019-03-01 15:00:00,1.0149064
2019-03-01 16:00:00,1.0149064
2019-03-01 17:00:00,1.0149064
2019-03-01 18:00:00,1.0149064
2019-03-01 19:00:00,1.0149064
2019-03-01 20:00:00,1.0149064
2019-03-01 21:00:00,1.0149064
2019-03-01 22:00:00,1.0149064
2019-03-01 23:00:00,1.0149064
2019-03-02 00:00:00,1.0149064
2019-03-02 01:00:00,1.0149064
2019-03-02 02:00:00,1.0149064
2019-03-02 03:00:00,1.0149064
2019-03-02 04:00:00,1.0149064
2019-03-02 05:00:00,1.0149064
2019-03-02 06:00:00,1.0149064
2019-03-02 07:00:00,1.0149064
2019-03-02 08:00:00,1.0149064
2019-03-02 09:00:00,1.0149064
2019-03-02 10:00:00,1.0149064
2019-03-02 11:00:00,1.0149064
2019-03-02 12:00:00,1.0149064
2019-03-02 13:00:00,1.0149064
2019-03-02 14:00:00,1.0149064
2019-03-02 15:00:00,1.0149064
2019-03-02 16:00:00,1.0149064
2019-03-02 17:00:00,1.0149064
2019-03-02 18:00:00,1.0149064
2019-03-02 19:00:00,1.0149064
2019-03-02 20:00:00,1.0149064
2019-03-02 21:00:00,1.0149064
2019-03-02 22:00:00,1.0149064
2019-03-02 23:00:00,1.0149064
2019-03-03 00:00:00,1.0149064
2019-03-03 01:00:00,1.0149064
2019-03-03 02:00:00,259.8749
2019-03-03 03:00:00,518.7349
2019-03-03 04:00:00,777.5949
2019-03-03 05:00:00,1036.455
2019-03-03 06:00:00,1295.315
2019-03-03 07:00:00,1554.1749
2019-03-03 08:00:00,1554.1749
2019-03-03 09:00:00,1554.1749
2019-03-03 10:00:00,1554.1749
2019-03-03 11:00:00,1554.1749
2019-03-03 12:00:00,1554.1749
2019-03-03 13:00:00,1554.1749
2019-03-03 14:00:00,1554.1749
2019-03-03 15:00:00,1554.1749
2019-03-03 16:00:00,1554.1749
2019-03-03 17:00:00,1554.1749
2019-03-03 18:00:00,1166.2628
2019-03-03 19:00:00,778.3507
2019-03-03 20:00:00,778.3507
2019-03-03 21:00:00,778.3507
2019-03-03 22:00:00,778.3507
2019-03-03 23:00:00,778.3507
2019-03-04 00:00:00,778.3507
2019-03-04 01:00:00,1037.2107
2019-03-04 02:00:00,1296.0707
2019-03-04 03:00:00,1554.9308
2019-03-04 04:00:00,1813.7908
2019-03-04 05:00:00,1813.7908
2019-03-04 06:00:00,1813.7908
2019-03-04 07:00:00,1425.8787
2019-03-04 08:00:00,1037.9666
2019-03-04 09:00:00,650.05444
2019-03-04 10:00:00,262.14236
2019-03-04 11:00:00,3.8696964
2019-03-04 12:00:00,1.0315351
2019-03-04 13:00:00,1.0315351
2019-03-04 14:00:00,1.0315351
2019-03-04 15:00:00,1.0315351
2019-03-04 16:00:00,1.0315351
2019-03-04 17:00:00,1.0315351
2019-03-04 18:00:00,1.0315351
2019-03-04 19:00:00,1.0315351
2019-03-04 20:00:00,1.0315351
2019-03-04 21:00:00,1.0315351
2019-03-04 22:00:00,1.0315351
2019-03-04 23:00:00,259.89154
2019-03-05 00:00:00,518.7515
2019-03-05 01:00:00,777.6115
2019-03-05 02:00:00,1036.4716
2019-03-05 03:00:00,1295.3315
2019-03-05 04:00:00,1554.1915
2019-03-05 05:00:00,1813.0515
2019-03-05 06:00:00,1813.0515
2019-03-05 07:00:00,1813.0515
2019-03-05 08:00:00,1425.1394
2019-03-05 09:00:00,1425.1394
2019-03-05 10:00:00,1425.1394
2019-03-05 11:00:00,1425.1394
2019-03-05 12:00:00,1425.1394
2019-03-05 13:00:00,1425.1394
2019-03-05 14:00:00,1425.1394
2019-03-05 15:00:00,1425.1394
2019-03-05 16:00:00,1037.2274
2019-03-05 17:00:00,649.31525
2019-03-05 18:00:00,649.31525
2019-03-05 19:00:00,261.4032
2019-03-05 20:00:00,3.8615735
2019-03-05 21:00:00,1.0314459
2019-03-05 22:00:00,1.0314459
2019-03-05 23:00:00,1.0314459
2019-03-06 00:00:00,1.0314459
2019-03-06 01:00:00,1.0314459
2019-03-06 02:00:00,1.0314459
2019-03-06 03:00:00,1.0314459
2019-03-06 04:00:00,1.0314459
2019-03-06 05:00:00,1.0314459
2019-03-06 06:00:00,1.0314459
2019-03-06 07:00:00,1.0314459
2019-03-06 08:00:00,1.0314459
2019-03-06 09:00:00,1.0314459
2019-03-06 10:00:00,1.0314459
2019-03-06 11:00:00,1.0314459
2019-03-06 12:00:00,1.0314459
2019-03-06 13:00:00,1.0314459
2019-03-06 14:00:00,1.0314459
2019-03-06 15:00:00,1.0314459
2019-03-06 16:00:00,1.0314459
2019-03-06 17:00:00,1.0314459
2019-03-06 18:00:00,1.0314459
2019-03-06 19:00:00,1.0314459
2019-03-06 20:00:00,1.0314459
2019-03-06 21:00:00,1.0314459
2019-03-06 22:00:00,1.0314459
2019-03-06 23:00:00,1.0314459
2019-03-07 00:00:00,1.0314459
2019-03-07 01:00:00,1.0314459
2019-03-07 02:00:00,259.89145
2019-03-07 03:00:00,518.75146
2019-03-07 04:00:00,777.61145
2019-03-07 05:00:00,777.61145
2019-03-07 06:00:00,777.61145
2019-03-07 07:00:00,389.69937
2019-03-07 08:00:00,5.2714214
2019-03-07 09:00:00,1.0469387
2019-03-07 10:00:00,1.0469387
2019-03-07 11:00:00,1.0469387
2019-03-07 12:00:00,1.0469387
2019-03-07 13:00:00,1.0469387
2019-03-07 14:00:00,1.0469387
2019-03-07 15:00:00,1.0469387
2019-03-07 16:00:00,1.0469387
2019-03-07 17:00:00,1.0469387
2019-03-07 18:00:00,1.0469387
2019-03-07 19:00:00,1.0469387
2019-03-07 20:00:00,1.0469387
2019-03-07 21:00:00,1.0469387
2019-03-07 22:00:00,259.90695
2019-03-07 23:00:00,518.76697
2019-03-08 00:00:00,777.62695
2019-03-08 01:00:00,1036.4869
2019-03-08 02:00:00,1295.3469
2019-03-08 03:00:00,1554.2069
2019-03-08 04:00:00,1813.0669
2019-03-08 05:00:00,1813.0669
2019-03-08 06:00:00,1813.0669
2019-03-08 07:00:00,1813.0669
2019-03-08 08:00:00,1425.1549
2019-03-08 09:00:00,1425.1549
2019-03-08 10:00:00,1425.1549
2019-03-08 11:00:00,1425.1549
2019-03-08 12:00:00,1425.1549
2019-03-08 13:00:00,1425.1549
2019-03-08 14:00:00,1425.1549
2019-03-08 15:00:00,1425.1549
2019-03-08 16:00:00,1425.1549
2019-03-08 17:00:00,1037.2428
2019-03-08 18:00:00,649.3307
2019-03-08 19:00:00,261.41858
2019-03-08 20:00:00,3.8617427
2019-03-08 21:00:00,1.0314478
2019-03-08 22:00:00,1.0314478
2019-03-08 23:00:00,1.0314478
2019-03-09 00:00:00,1.0314478
2019-03-09 01:00:00,1.0314478
2019-03-09 02:00:00,1.0314478
2019-03-09 03:00:00,259.89145
2019-03-09 04:00:00,518.75146
2019-03-09 05:00:00,777.61145
2019-03-09 06:00:00,1036.4714
2019-03-09 07:00:00,1295.3314
2019-03-09 08:00:00,1295.3314
2019-03-09 09:00:00,1295.3314
2019-03-09 10:00:00,1295.3314
2019-03-09 11:00:00,1295.3314
2019-03-09 12:00:00,1295.3314
2019-03-09 13:00:00,1295.3314
2019-03-09 14:00:00,1295.3314
2019-03-09 15:00:00,1295.3314
2019-03-09 16:00:00,1295.3314
2019-03-09 17:00:00,1295.3314
2019-03-09 18:00:00,907.4194
2019-03-09 19:00:00,519.50726
2019-03-09 20:00:00,131.59518
2019-03-09 21:00:00,131.59518
2019-03-09 22:00:00,131.59518
2019-03-09 23:00:00,390.45517
2019-03-10 00:00:00,649.3152
2019-03-10 01:00:00,908.1752
2019-03-10 02:00:00,1167.0352
2019-03-10 03:00:00,1425.8951
2019-03-10 04:00:00,1684.7551
2019-03-10 05:00:00,1943.6152
2019-03-10 06:00:00,1943.6152
2019-03-10 07:00:00,1943.6152
2019-03-10 08:00:00,1943.6152
2019-03-10 09:00:00,1555.7031
2019-03-10 10:00:00,1167.791
2019-03-10 11:00:00,779.8789
2019-03-10 12:00:00,391.96683
2019-03-10 13:00:00,5.296339
2019-03-10 14:00:00,1.0472125
2019-03-10 15:00:00,1.0472125
2019-03-10 16:00:00,1.0472125
2019-03-10 17:00:00,1.0472125
2019-03-10 18:00:00,1.0472125
2019-03-10 19:00:00,1.0472125
2019-03-10 20:00:00,1.0472125
2019-03-10 21:00:00,1.0472125
2019-03-10 22:00:00,259.90723
2019-03-10 23:00:00,518.7672
2019-03-11 00:00:00,777.6272
2019-03-11 01:00:00,1036.4872
2019-03-11 02:00:00,1295.3472
2019-03-11 03:00:00,1554.2072
2019-03-11 04:00:00,1813.0673
2019-03-11 05:00:00,2064.0
2019-03-11 06:00:00,2064.0
2019-03-11 07:00:00,2064.0
2019-03-11 08:00:00,1676.0879
2019-03-11 09:00:00,1288.1758
2019-03-11 10:00:00,1288.1758
2019-03-11 11:00:00,1288.1758
2019-03-11 12:00:00,1288.1758
2019-03-11 13:00:00,1288.1758
2019-03-11 14:00:00,1288.1758
2019-03-11 15:00:00,1288.1758
2019-03-11 16:00:00,900.26373
2019-03-11 17:00:00,900.26373
2019-03-11 18:00:00,512.3516
2019-03-11 19:00:00,124.43956
2019-03-11 20:00:00,2.3564787
2019-03-11 21:00:00,1.0149064
2019-03-11 22:00:00,1.0149064
2019-03-11 23:00:00,1.0149064
2019-03-12 00:00:00,1.0149064
2019-03-12 01:00:00,1.0149064
2019-03-12 02:00:00,1.0149064
2019-03-12 03:00:00,1.0149064
2019-03-12 04:00:00,1.0149064
2019-03-12 05:00:00,1.0149064
2019-03-12 06:00:00,1.0149064
2019-03-12 07:00:00,1.0149064
2019-03-12 08:00:00,1.0149064
2019-03-12 09:00:00,1.0149064
2019-03-12 10:00:00,1.0149064
2019-03-12 11:00:00,1.0149064
2019-03-12 12:00:00,1.0149064
2019-03-12 13:00:00,1.0149064
2019-03-12 14:00:00,1.0149064
2019-03-12 15:00:00,1.0149064
2019-03-12 16:00:00,1.0149064
2019-03-12 17:00:00,1.0149064
2019-03-12 18:00:00,1.0149064
2019-03-12 19:00:00,1.0149064
2019-03-12 20:00:00,1.0149064
2019-03-12 21:00:00,1.0149064
2019-03-12 22:00:00,1.0149064
2019-03-12 23:00:00,259.8749
2019-03-13 00:00:00,518.7349
2019-03-13 01:00:00,777.5949
2019-03-13 02:00:00,1036.455
2019-03-13 03:00:00,1295.315
2019-03-13 04:00:00,1554.1749
2019-03-13 05:00:00,1813.0349
2019-03-13 06:00:00,1813.0349
2019-03-13 07:00:00,1813.0349
2019-03-13 08:00:00,1425.1228
2019-03-13 09:00:00,1037.2107
2019-03-13 10:00:00,1037.2107
2019-03-13 11:00:00,1037.2107
2019-03-13 12:00:00,1037.2107
2019-03-13 13:00:00,1037.2107
2019-03-13 14:00:00,1037.2107
2019-03-13 15:00:00,1037.2107
2019-03-13 16:00:00,1037.2107
2019-03-13 17:00:00,1037.2107
2019-03-13 18:00:00,649.29865
2019-03-13 19:00:00,261.38657
2019-03-13 20:00:00,3.8613908
2019-03-13 21:00:00,1.0314438
2019-03-13 22:00:00,1.0314438
2019-03-13 23:00:00,259.89145
2019-03-14 00:00:00,518.75146
2019-03-14 01:00:00,777.61145
2019-03-14 02:00:00,1036.4714
2019-03-14 03:00:00,1295.3314
2019-03-14 04:00:00,1554.1914
2019-03-14 05:00:00,1554.1914
2019-03-14 06:00:00,1554.1914
2019-03-14 07:00:00,1554.1914
2019-03-14 08:00:00,1166.2793
2019-03-14 09:00:00,778.36725
2019-03-14 10:00:00,390.45517
2019-03-14 11:00:00,5.2797275
2019-03-14 12:00:00,1.04703
2019-03-14 13:00:00,1.04703
2019-03-14 14:00:00,1.04703
2019-03-14 15:00:00,1.04703
2019-03-14 16:00:00,1.04703
2019-03-14 17:00:00,1.04703
2019-03-14 18:00:00,1.04703
2019-03-14 19:00:00,1.04703
2019-03-14 20:00:00,1.04703
2019-03-14 21:00:00,1.04703
2019-03-14 22:00:00,1.04703
2019-03-14 23:00:00,1.04703
2019-03-15 00:00:00,259.90704
2019-03-15 01:00:00,518.767
2019-03-15 02:00:00,777.627
2019-03-15 03:00:00,1036.487
2019-03-15 04:00:00,1295.347
2019-03-15 05:00:00,1295.347
2019-03-15 06:00:00,1295.347
2019-03-15 07:00:00,907.43494
2019-03-15 08:00:00,519.5228
2019-03-15 09:00:00,131.61076
2019-03-15 10:00:00,2.4352832
2019-03-15 11:00:00,1.0157723
2019-03-15 12:00:00,1.0157723
2019-03-15 13:00:00,1.0157723
2019-03-15 14:00:00,1.0157723
2019-03-15 15:00:00,1.0157723
2019-03-15 16:00:00,1.0157723
2019-03-15 17:00:00,1.0157723
2019-03-15 18:00:00,1.0157723
2019-03-15 19:00:00,1.0157723
2019-03-15 20:00:00,1.0157723
2019-03-15 21:00:00,1.0157723
2019-03-15 22:00:00,1.0157723
2019-03-15 23:00:00,1.0157723
2019-03-16 00:00:00,259.87576
2019-03-16 01:00:00,518.7358
2019-03-16 02:00:00,777.59576
2019-03-16 03:00:00,1036.4558
2019-03-16 04:00:00,1295.3158
2019-03-16 05:00:00,1295.3158
2019-03-16 06:00:00,1295.3158
2019-03-16 07:00:00,1295.3158
2019-03-16 08:00:00,907.4037
2019-03-16 09:00:00,519.4916
2019-03-16 10:00:00,131.57951
2019-03-16 11:00:00,2.4349396
2019-03-16 12:00:00,1.0157685
2019-03-16 13:00:00,1.0157685
2019-03-16 14:00:00,1.0157685
2019-03-16 15:00:00,1.0157685
2019-03-16 16:00:00,1.0157685
2019-03-16 17:00:00,1.0157685
2019-03-16 18:00:00,1.0157685
2019-03-16 19:00:00,1.0157685
2019-03-16 20:00:00,1.0157685
2019-03-16 21:00:00,1.0157685
2019-03-16 22:00:00,1.0157685
2019-03-16 23:00:00,1.0157685
2019-03-17 00:00:00,1.0157685
2019-03-17 01:00:00,1.0157685
2019-03-17 02:00:00,1.0157685
2019-03-17 03:00:00,1.0157685
2019-03-17 04:00:00,259.87576
2019-03-17 05:00:00,259.87576
2019-03-17 06:00:00,259.87576
2019-03-17 07:00:00,518.7358
2019-03-17 08:00:00,777.59576
2019-03-17 09:00:00,1036.4558
2019-03-17 10:00:00,1295.3158
2019-03-17 11:00:00,1554.1758
2019-03-17 12:00:00,1813.0358
2019-03-17 13:00:00,2064.0
2019-03-17 14:00:00,2064.0
2019-03-17 15:00:00,2064.0
2019-03-17 16:00:00,2064.0
2019-03-17 17:00:00,2064.0
2019-03-17 18:00:00,1676.0879
2019-03-17 19:00:00,1288.1758
2019-03-17 20:00:00,900.26373
2019-03-17 21:00:00,512.3516
2019-03-17 22:00:00,512.3516
2019-03-17 23:00:00,771.2117
2019-03-18 00:00:00,1030.0717
2019-03-18 01:00:00,1288.9316
2019-03-18 02:00:00,1547.7916
2019-03-18 03:00:00,1806.6516
2019-03-18 04:00:00,2064.0
2019-03-18 05:00:00,2064.0
2019-03-18 06:00:00,2064.0
2019-03-18 07:00:00,2064.0
2019-03-18 08:00:00,2064.0
2019-03-18 09:00:00,2064.0
2019-03-18 10:00:00,2064.0
2019-03-18 11:00:00,2064.0
2019-03-18 12:00:00,2064.0
2019-03-18 13:00:00,2064.0
2019-03-18 14:00:00,2064.0
2019-03-18 15:00:00,2064.0
2019-03-18 16:00:00,2064.0
2019-03-18 17:00:00,2064.0
2019-03-18 18:00:00,2064.0
2019-03-18 19:00:00,2064.0
2019-03-18 20:00:00,2064.0
2019-03-18 21:00:00,2064.0
2019-03-18 22:00:00,2064.0
2019-03-18 23:00:00,2064.0
2019-03-19 00:00:00,2064.0
2019-03-19 01:00:00,2064.0
2019-03-19 02:00:00,2064.0
2019-03-19 03:00:00,2064.0
2019-03-19 04:00:00,2064.0
2019-03-19 05:00:00,2064.0
2019-03-19 06:00:00,2064.0
2019-03-19 07:00:00,2064.0
2019-03-19 08:00:00,1676.0879
2019-03-19 09:00:00,1288.1758
2019-03-19 10:00:00,1288.1758
2019-03-19 11:00:00,1288.1758
2019-03-19 12:00:00,1288.1758
2019-03-19 13:00:00,1288.1758
2019-03-19 14:00:00,1288.1758
2019-03-19 15:00:00,1288.1758
2019-03-19 16:00:00,1288.1758
2019-03-19 17:00:00,1288.1758
2019-03-19 18:00:00,900.26373
2019-03-19 19:00:00,512.3516
2019-03-19 20:00:00,124.43956
2019-03-19 21:00:00,2.3564787
2019-03-19 22:00:00,1.0149064
2019-03-19 23:00:00,1.0149064
2019-03-20 00:00:00,1.0149064
2019-03-20 01:00:00,1.0149064
2019-03-20 02:00:00,259.8749
2019-03-20 03:00:00,518.7349
2019-03-20 04:00:00,777.5949
2019-03-20 05:00:00,1036.455
2019-03-20 06:00:00,1036.455
2019-03-20 07:00:00,1036.455
2019-03-20 08:00:00,648.54285
2019-03-20 09:00:00,648.54285
2019-03-20 10:00:00,648.54285
2019-03-20 11:00:00,648.54285
2019-03-20 12:00:00,648.54285
2019-03-20 13:00:00,648.54285
2019-03-20 14:00:00,907.40283
2019-03-20 15:00:00,1166.2628
2019-03-20 16:00:00,1425.1228
2019-03-20 17:00:00,1425.1228
2019-03-20 18:00:00,1425.1228
2019-03-20 19:00:00,1037.2107
2019-03-20 20:00:00,649.29865
2019-03-20 21:00:00,261.38657
2019-03-20 22:00:00,261.38657
2019-03-20 23:00:00,261.38657
2019-03-21 00:00:00,261.38657
2019-03-21 01:00:00,520.2466
2019-03-21 02:00:00,779.10657
2019-03-21 03:00:00,1037.9666
2019-03-21 04:00:00,1296.8265
2019-03-21 05:00:00,1555.6865
2019-03-21 06:00:00,1555.6865
2019-03-21 07:00:00,1555.6865
2019-03-21 08:00:00,1167.7744
2019-03-21 09:00:00,1167.7744
2019-03-21 10:00:00,1167.7744
2019-03-21 11:00:00,1167.7744
2019-03-21 12:00:00,1167.7744
2019-03-21 13:00:00,1167.7744
2019-03-21 14:00:00,1426.6345
2019-03-21 15:00:00,1685.4945
2019-03-21 16:00:00,1685.4945
2019-03-21 17:00:00,1685.4945
2019-03-21 18:00:00,1685.4945
2019-03-21 19:00:00,1297.5824
2019-03-21 20:00:00,909.6703
2019-03-21 21:00:00,521.7582
2019-03-21 22:00:00,521.7582
2019-03-21 23:00:00,521.7582
2019-03-22 00:00:00,521.7582
2019-03-22 01:00:00,780.6182
2019-03-22 02:00:00,1039.4781
2019-03-22 03:00:00,1298.3383
2019-03-22 04:00:00,1557.1982
2019-03-22 05:00:00,1557.1982
2019-03-22 06:00:00,1557.1982
2019-03-22 07:00:00,1169.2861
2019-03-22 08:00:00,781.374
2019-03-22 09:00:00,393.46194
2019-03-22 10:00:00,5.5498514
2019-03-22 11:00:00,1.0499984
2019-03-22 12:00:00,1.0499984
2019-03-22 13:00:00,259.91
2019-03-22 14:00:00,518.77
2019-03-22 15:00:00,777.63
2019-03-22 16:00:00,1036.49
2019-03-22 17:00:00,1036.49
2019-03-22 18:00:00,1036.49
2019-03-22 19:00:00,648.5779
2019-03-22 20:00:00,260.66583
2019-03-22 21:00:00,3.8534706
2019-03-22 22:00:00,1.0313568
2019-03-22 23:00:00,1.0313568
2019-03-23 00:00:00,1.0313568
2019-03-23 01:00:00,1.0313568
2019-03-23 02:00:00,1.0313568
2019-03-23 03:00:00,1.0313568
2019-03-23 04:00:00,1.0313568
2019-03-23 05:00:00,1.0313568
2019-03-23 06:00:00,1.0313568
2019-03-23 07:00:00,1.0313568
2019-03-23 08:00:00,1.0313568
2019-03-23 09:00:00,1.0313568
2019-03-23 10:00:00,1.0313568
2019-03-23 11:00:00,1.0313568
2019-03-23 12:00:00,1.0313568
2019-03-23 13:00:00,259.89136
2019-03-23 14:00:00,518.75134
2019-03-23 15:00:00,777.6113
2019-03-23 16:00:00,1036.4713
2019-03-23 17:00:00,1295.3313
2019-03-23 18:00:00,1554.1914
2019-03-23 19:00:00,1554.1914
2019-03-23 20:00:00,1554.1914
2019-03-23 21:00:00,1554.1914
2019-03-23 22:00:00,1554.1914
2019-03-23 23:00:00,1554.1914
2019-03-24 00:00:00,1554.1914
2019-03-24 01:00:00,1554.1914
2019-03-24 02:00:00,1554.1914
2019-03-24 03:00:00,1813.0514
2019-03-24 04:00:00,1813.0514
2019-03-24 05:00:00,1813.0514
2019-03-24 06:00:00,1813.0514
2019-03-24 07:00:00,1813.0514
2019-03-24 08:00:00,1813.0514
2019-03-24 09:00:00,1813.0514
2019-03-24 10:00:00,1813.0514
2019-03-24 11:00:00,1813.0514
2019-03-24 12:00:00,2064.0
2019-03-24 13:00:00,2064.0
2019-03-24 14:00:00,2064.0
2019-03-24 15:00:00,2064.0
2019-03-24 16:00:00,2064.0
2019-03-24 17:00:00,2064.0
2019-03-24 18:00:00,2064.0
2019-03-24 19:00:00,2064.0
2019-03-24 20:00:00,2064.0
2019-03-24 21:00:00,2064.0
2019-03-24 22:00:00,2064.0
2019-03-24 23:00:00,2064.0
2019-03-25 00:00:00,2064.0
2019-03-25 01:00:00,2064.0
2019-03-25 02:00:00,2064.0
2019-03-25 03:00:00,2064.0
2019-03-25 04:00:00,2064.0
2019-03-25 05:00:00,2064.0
2019-03-25 06:00:00,2064.0
2019-03-25 07:00:00,2064.0
2019-03-25 08:00:00,2064.0
2019-03-25 09:00:00,2064.0
2019-03-25 10:00:00,2064.0
2019-03-25 11:00:00,2064.0
2019-03-25 12:00:00,2064.0
2019-03-25 13:00:00,2064.0
2019-03-25 14:00:00,2064.0
2019-03-25 15:00:00,2064.0
2019-03-25 16:00:00,2064.0
2019-03-25 17:00:00,2064.0
2019-03-25 18:00:00,2064.0
2019-03-25 19:00:00,2064.0
2019-03-25 20:00:00,1676.0879
2019-03-25 21:00:00,1676.0879
2019-03-25 22:00:00,1676.0879
2019-03-25 23:00:00,1676.0879
2019-03-26 00:00:00,1676.0879
2019-03-26 01:00:00,1676.0879
2019-03-26 02:00:00,1676.0879
2019-03-26 03:00:00,1934.9479
2019-03-26 04:00:00,2064.0
2019-03-26 05:00:00,2064.0
2019-03-26 06:00:00,2064.0
2019-03-26 07:00:00,2064.0
2019-03-26 08:00:00,2064.0
2019-03-26 09:00:00,2064.0
2019-03-26 10:00:00,2064.0
2019-03-26 11:00:00,2064.0
2019-03-26 12:00:00,2064.0
2019-03-26 13:00:00,2064.0
2019-03-26 14:00:00,2064.0
2019-03-26 15:00:00,2064.0
2019-03-26 16:00:00,2064.0
2019-03-26 17:00:00,2064.0
2019-03-26 18:00:00,2064.0
2019-03-26 19:00:00,1676.0879
2019-03-26 20:00:00,1288.1758
2019-03-26 21:00:00,1288.1758
2019-03-26 22:00:00,1288.1758
2019-03-26 23:00:00,1288.1758
2019-03-27 00:00:00,1288.1758
2019-03-27 01:00:00,1288.1758
2019-03-27 02:00:00,1288.1758
2019-03-27 03:00:00,1547.0358
2019-03-27 04:00:00,1805.8959
2019-03-27 05:00:00,2064.0
2019-03-27 06:00:00,2064.0
2019-03-27 07:00:00,2064.0
2019-03-27 08:00:00,1676.0879
2019-03-27 09:00:00,1676.0879
2019-03-27 10:00:00,1676.0879
2019-03-27 11:00:00,1676.0879
2019-03-27 12:00:00,1676.0879
2019-03-27 13:00:00,1676.0879
2019-03-27 14:00:00,1676.0879
2019-03-27 15:00:00,1676.0879
2019-03-27 16:00:00,1676.0879
2019-03-27 17:00:00,1676.0879
2019-03-27 18:00:00,1676.0879
2019-03-27 19:00:00,1288.1758
2019-03-27 20:00:00,900.26373
2019-03-27 21:00:00,512.3516
2019-03-27 22:00:00,512.3516
2019-03-27 23:00:00,512.3516
2019-03-28 00:00:00,512.3516
2019-03-28 01:00:00,771.2117
2019-03-28 02:00:00,1030.0717
2019-03-28 03:00:00,1288.9316
2019-03-28 04:00:00,1547.7916
2019-03-28 05:00:00,1806.6516
2019-03-28 06:00:00,1806.6516
2019-03-28 07:00:00,1806.6516
2019-03-28 08:00:00,1418.7395
2019-03-28 09:00:00,1030.8275
2019-03-28 10:00:00,1030.8275
2019-03-28 11:00:00,1030.8275
2019-03-28 12:00:00,1030.8275
2019-03-28 13:00:00,1030.8275
2019-03-28 14:00:00,1030.8275
2019-03-28 15:00:00,1030.8275
2019-03-28 16:00:00,1030.8275
2019-03-28 17:00:00,1030.8275
2019-03-28 18:00:00,1030.8275
2019-03-28 19:00:00,642.9154
2019-03-28 20:00:00,255.0033
2019-03-28 21:00:00,3.791245
2019-03-28 22:00:00,1.030673
2019-03-28 23:00:00,1.030673
2019-03-29 00:00:00,1.030673
2019-03-29 01:00:00,1.030673
2019-03-29 02:00:00,259.8907
2019-03-29 03:00:00,518.7507
2019-03-29 04:00:00,777.61066
2019-03-29 05:00:00,1036.4707
2019-03-29 06:00:00,1036.4707
2019-03-29 07:00:00,1036.4707
2019-03-29 08:00:00,648.5586
2019-03-29 09:00:00,648.5586
2019-03-29 10:00:00,648.5586
2019-03-29 11:00:00,648.5586
2019-03-29 12:00:00,648.5586
2019-03-29 13:00:00,648.5586
2019-03-29 14:00:00,907.4186
2019-03-29 15:00:00,907.4186
2019-03-29 16:00:00,907.4186
2019-03-29 17:00:00,907.4186
2019-03-29 18:00:00,907.4186
2019-03-29 19:00:00,907.4186
2019-03-29 20:00:00,519.5065
2019-03-29 21:00:00,131.5944
2019-03-29 22:00:00,2.4351034
2019-03-29 23:00:00,1.0157703
2019-03-30 00:00:00,1.0157703
2019-03-30 01:00:00,1.0157703
2019-03-30 02:00:00,1.0157703
2019-03-30 03:00:00,1.0157703
2019-03-30 04:00:00,1.0157703
2019-03-30 05:00:00,1.0157703
2019-03-30 06:00:00,1.0157703
2019-03-30 07:00:00,1.0157703
2019-03-30 08:00:00,1.0157703
2019-03-30 09:00:00,1.0157703
2019-03-30 10:00:00,1.0157703
2019-03-30 11:00:00,1.0157703
2019-03-30 12:00:00,259.87576
2019-03-30 13:00:00,518.7358
2019-03-30 14:00:00,777.59576
2019-03-30 15:00:00,1036.4558
2019-03-30 16:00:00,1036.4558
2019-03-30 17:00:00,1036.4558
2019-03-30 18:00:00,1036.4558
2019-03-30 19:00:00,1036.4558
2019-03-30 20:00:00,648.5437
2019-03-30 21:00:00,260.6316
2019-03-30 22:00:00,260.6316
2019-03-30 23:00:00,260.6316
2019-03-31 00:00:00,3.8530943
2019-03-31 01:00:00,1.0313526
2019-03-31 02:00:00,1.0313526
2019-03-31 03:00:00,1.0313526
2019-03-31 04:00:00,1.0313526
2019-03-31 05:00:00,1.0313526
2019-03-31 06:00:00,1.0313526
2019-03-31 07:00:00,1.0313526
2019-03-31 08:00:00,1.0313526
2019-03-31 09:00:00,1.0313526
2019-03-31 10:00:00,259.89136
2019-03-31 11:00:00,518.75134
2019-03-31 12:00:00,777.6113
2019-03-31 13:00:00,1036.4713
2019-03-31 14:00:00,1295.3313
2019-03-31 15:00:00,1554.1914
2019-03-31 16:00:00,1813.0514
2019-03-31 17:00:00,1813.0514
2019-03-31 18:00:00,1425.1393
2019-03-31 19:00:00,1037.2272
2019-03-31 20:00:00,1037.2272
2019-03-31 21:00:00,1037.2272
2019-03-31 22:00:00,1037.2272
2019-03-31 23:00:00,1037.2272
2019-04-01 00:00:00,1037.2272
2019-04-01 01:00:00,1037.2272
2019-04-01 02:00:00,1296.0872
2019-04-01 03:00:00,1554.9471
2019-04-01 04:00:00,1554.9471
2019-04-01 05:00:00,1554.9471
2019-04-01 06:00:00,1554.9471
2019-04-01 07:00:00,1167.035
2019-04-01 08:00:00,779.123
2019-04-01 09:00:00,391.2109
2019-04-01 10:00:00,5.288032
2019-04-01 11:00:00,1.0471213
2019-04-01 12:00:00,1.0471213
2019-04-01 13:00:00,1.0471213
2019-04-01 14:00:00,1.0471213
2019-04-01 15:00:00,1.0471213
2019-04-01 16:00:00,1.0471213
2019-04-01 17:00:00,1.0471213
2019-04-01 18:00:00,1.0471213
2019-04-01 19:00:00,1.0471213
2019-04-01 20:00:00,1.0471213
2019-04-01 21:00:00,1.0471213
2019-04-01 22:00:00,1.0471213
2019-04-01 23:00:00,1.0471213
2019-04-02 00:00:00,259.90714
2019-04-02 01:00:00,518.76715
2019-04-02 02:00:00,777.62714
2019-04-02 03:00:00,1036.487
2019-04-02 04:00:00,1295.3472
2019-04-02 05:00:00,1554.2072
2019-04-02 06:00:00,1554.2072
2019-04-02 07:00:00,1166.295
2019-04-02 08:00:00,1166.295
2019-04-02 09:00:00,1166.295
2019-04-02 10:00:00,1166.295
2019-04-02 11:00:00,1166.295
2019-04-02 12:00:00,1166.295
2019-04-02 13:00:00,1166.295
2019-04-02 14:00:00,1425.155
2019-04-02 15:00:00,1684.015
2019-04-02 16:00:00,1684.015
2019-04-02 17:00:00,1684.015
2019-04-02 18:00:00,1684.015
2019-04-02 19:00:00,1684.015
2019-04-02 20:00:00,1684.015
2019-04-02 21:00:00,1684.015
2019-04-02 22:00:00,1684.015
2019-04-02 23:00:00,1684.015
2019-04-03 00:00:00,1684.015
2019-04-03 01:00:00,1684.015
2019-04-03 02:00:00,1942.875
2019-04-03 03:00:00,1942.875
2019-04-03 04:00:00,1942.875
2019-04-03 05:00:00,1942.875
2019-04-03 06:00:00,1942.875
2019-04-03 07:00:00,1554.9629
2019-04-03 08:00:00,1167.0509
2019-04-03 09:00:00,779.1388
2019-04-03 10:00:00,779.1388
2019-04-03 11:00:00,779.1388
2019-04-03 12:00:00,779.1388
2019-04-03 13:00:00,779.1388
2019-04-03 14:00:00,779.1388
2019-04-03 15:00:00,779.1388
2019-04-03 16:00:00,779.1388
2019-04-03 17:00:00,779.1388
2019-04-03 18:00:00,391.22668
2019-04-03 19:00:00,5.288205
2019-04-03 20:00:00,1.0471232
2019-04-03 21:00:00,1.0471232
2019-04-03 22:00:00,1.0471232
2019-04-03 23:00:00,1.0471232
2019-04-04 00:00:00,259.90714
2019-04-04 01:00:00,518.76715
2019-04-04 02:00:00,777.62714
2019-04-04 03:00:00,1036.4872
2019-04-04 04:00:00,1295.3472
2019-04-04 05:00:00,1295.3472
2019-04-04 06:00:00,1295.3472
2019-04-04 07:00:00,907.43506
2019-04-04 08:00:00,519.52295
2019-04-04 09:00:00,131.61086
2019-04-04 10:00:00,2.4352841
2019-04-04 11:00:00,1.0157723
2019-04-04 12:00:00,1.0157723
2019-04-04 13:00:00,1.0157723
2019-04-04 14:00:00,1.0157723
2019-04-04 15:00:00,1.0157723
2019-04-04 16:00:00,1.0157723
2019-04-04 17:00:00,1.0157723
2019-04-04 18:00:00,1.0157723
2019-04-04 19:00:00,1.0157723
2019-04-04 20:00:00,1.0157723
2019-04-04 21:00:00,1.0157723
2019-04-04 22:00:00,1.0157723
2019-04-04 23:00:00,1.0157723
2019-04-05 00:00:00,1.0157723
2019-04-05 01:00:00,259.87576
2019-04-05 02:00:00,518.7358
2019-04-05 03:00:00,777.59576
2019-04-05 04:00:00,1036.4558
2019-04-05 05:00:00,1036.4558
2019-04-05 06:00:00,1036.4558
2019-04-05 07:00:00,648.5437
2019-04-05 08:00:00,260.6316
2019-04-05 09:00:00,3.8530946
2019-04-05 10:00:00,1.0313526
2019-04-05 11:00:00,1.0313526
2019-04-05 12:00:00,1.0313526
2019-04-05 13:00:00,1.0313526
2019-04-05 14:00:00,1.0313526
2019-04-05 15:00:00,1.0313526
2019-04-05 16:00:00,1.0313526
2019-04-05 17:00:00,1.0313526
2019-04-05 18:00:00,1.0313526
2019-04-05 19:00:00,1.0313526
2019-04-05 20:00:00,1.0313526
2019-04-05 21:00:00,1.0313526
2019-04-05 22:00:00,1.0313526
2019-04-05 23:00:00,1.0313526
2019-04-06 00:00:00,1.0313526
2019-04-06 01:00:00,1.0313526
2019-04-06 02:00:00,1.0313526
2019-04-06 03:00:00,1.0313526
2019-04-06 04:00:00,1.0313526
2019-04-06 05:00:00,1.0313526
2019-04-06 06:00:00,1.0313526
2019-04-06 07:00:00,1.0313526
2019-04-06 08:00:00,1.0313526
2019-04-06 09:00:00,1.0313526
2019-04-06 10:00:00,1.0313526
2019-04-06 11:00:00,1.0313526
2019-04-06 12:00:00,1.0313526
2019-04-06 13:00:00,1.0313526
2019-04-06 14:00:00,259.89136
2019-04-06 15:00:00,518.75134
2019-04-06 16:00:00,518.75134
2019-04-06 17:00:00,518.75134
2019-04-06 18:00:00,518.75134
2019-04-06 19:00:00,518.75134
2019-04-06 20:00:00,518.75134
2019-04-06 21:00:00,518.75134
2019-04-06 22:00:00,518.75134
2019-04-06 23:00:00,518.75134
2019-04-07 00:00:00,518.75134
2019-04-07 01:00:00,518.75134
2019-04-07 02:00:00,518.75134
2019-04-07 03:00:00,518.75134
2019-04-07 04:00:00,518.75134
2019-04-07 05:00:00,518.75134
2019-04-07 06:00:00,518.75134
2019-04-07 07:00:00,518.75134
2019-04-07 08:00:00,518.75134
2019-04-07 09:00:00,518.75134
2019-04-07 10:00:00,518.75134
2019-04-07 11:00:00,777.6113
2019-04-07 12:00:00,1036.4713
2019-04-07 13:00:00,1295.3313
2019-04-07 14:00:00,1554.1914
2019-04-07 15:00:00,1813.0514
2019-04-07 16:00:00,2064.0
2019-04-07 17:00:00,2064.0
2019-04-07 18:00:00,2064.0
2019-04-07 19:00:00,2064.0
2019-04-07 20:00:00,2064.0
2019-04-07 21:00:00,2064.0
2019-04-07 22:00:00,2064.0
2019-04-07 23:00:00,2064.0
2019-04-08 00:00:00,2064.0
2019-04-08 01:00:00,2064.0
2019-04-08 02:00:00,2064.0
2019-04-08 03:00:00,2064.0
2019-04-08 04:00:00,2064.0
2019-04-08 05:00:00,2064.0
2019-04-08 06:00:00,1676.0879
2019-04-08 07:00:00,1288.1758
2019-04-08 08:00:00,900.26373
2019-04-08 09:00:00,512.3516
2019-04-08 10:00:00,124.43956
2019-04-08 11:00:00,2.3564787
2019-04-08 12:00:00,1.0149064
2019-04-08 13:00:00,1.0149064
2019-04-08 14:00:00,1.0149064
2019-04-08 15:00:00,1.0149064
2019-04-08 16:00:00,1.0149064
2019-04-08 17:00:00,1.0149064
2019-04-08 18:00:00,1.0149064
2019-04-08 19:00:00,1.0149064
2019-04-08 20:00:00,1.0149064
2019-04-08 21:00:00,1.0149064
2019-04-08 22:00:00,1.0149064
2019-04-08 23:00:00,1.0149064
2019-04-09 00:00:00,259.8749
2019-04-09 01:00:00,518.7349
2019-04-09 02:00:00,777.5949
2019-04-09 03:00:00,1036.455
2019-04-09 04:00:00,1295.315
2019-04-09 05:00:00,1295.315
2019-04-09 06:00:00,1295.315
2019-04-09 07:00:00,1295.315
2019-04-09 08:00:00,907.40283
2019-04-09 09:00:00,907.40283
2019-04-09 10:00:00,907.40283
2019-04-09 11:00:00,907.40283
2019-04-09 12:00:00,907.40283
2019-04-09 13:00:00,907.40283
2019-04-09 14:00:00,907.40283
2019-04-09 15:00:00,907.40283
2019-04-09 16:00:00,907.40283
2019-04-09 17:00:00,907.40283
2019-04-09 18:00:00,907.40283
2019-04-09 19:00:00,907.40283
2019-04-09 20:00:00,907.40283
2019-04-09 21:00:00,907.40283
2019-04-09 22:00:00,907.40283
2019-04-09 23:00:00,907.40283
2019-04-10 00:00:00,907.40283
2019-04-10 01:00:00,907.40283
2019-04-10 02:00:00,1166.2628
2019-04-10 03:00:00,1425.1228
2019-04-10 04:00:00,1683.9828
2019-04-10 05:00:00,1683.9828
2019-04-10 06:00:00,1683.9828
2019-04-10 07:00:00,1296.0707
2019-04-10 08:00:00,908.1586
2019-04-10 09:00:00,908.1586
2019-04-10 10:00:00,908.1586
2019-04-10 11:00:00,908.1586
2019-04-10 12:00:00,908.1586
2019-04-10 13:00:00,908.1586
2019-04-10 14:00:00,908.1586
2019-04-10 15:00:00,908.1586
2019-04-10 16:00:00,908.1586
2019-04-10 17:00:00,908.1586
2019-04-10 18:00:00,908.1586
2019-04-10 19:00:00,908.1586
2019-04-10 20:00:00,908.1586
2019-04-10 21:00:00,908.1586
2019-04-10 22:00:00,908.1586
2019-04-10 23:00:00,908.1586
2019-04-11 00:00:00,908.1586
2019-04-11 01:00:00,908.1586
2019-04-11 02:00:00,1167.0187
2019-04-11 03:00:00,1425.8787
2019-04-11 04:00:00,1425.8787
2019-04-11 05:00:00,1425.8787
2019-04-11 06:00:00,1425.8787
2019-04-11 07:00:00,1037.9666
2019-04-11 08:00:00,650.05444
2019-04-11 09:00:00,650.05444
2019-04-11 10:00:00,650.05444
2019-04-11 11:00:00,650.05444
2019-04-11 12:00:00,650.05444
2019-04-11 13:00:00,650.05444
2019-04-11 14:00:00,650.05444
2019-04-11 15:00:00,650.05444
2019-04-11 16:00:00,650.05444
2019-04-11 17:00:00,650.05444
2019-04-11 18:00:00,650.05444
2019-04-11 19:00:00,650.05444
2019-04-11 20:00:00,650.05444
2019-04-11 21:00:00,650.05444
2019-04-11 22:00:00,650.05444
2019-04-11 23:00:00,650.05444
2019-04-12 00:00:00,650.05444
2019-04-12 01:00:00,650.05444
2019-04-12 02:00:00,908.9145
2019-04-12 03:00:00,908.9145
2019-04-12 04:00:00,908.9145
2019-04-12 05:00:00,908.9145
2019-04-12 06:00:00,908.9145
2019-04-12 07:00:00,521.0024
2019-04-12 08:00:00,133.09029
2019-04-12 09:00:00,2.4515417
2019-04-12 10:00:00,1.015951
2019-04-12 11:00:00,1.015951
2019-04-12 12:00:00,1.015951
2019-04-12 13:00:00,1.015951
2019-04-12 14:00:00,1.015951
2019-04-12 15:00:00,1.015951
2019-04-12 16:00:00,1.015951
2019-04-12 17:00:00,1.015951
2019-04-12 18:00:00,1.015951
2019-04-12 19:00:00,1.015951
2019-04-12 20:00:00,1.015951
2019-04-12 21:00:00,1.015951
2019-04-12 22:00:00,1.015951
2019-04-12 23:00:00,1.015951
2019-04-13 00:00:00,1.015951
2019-04-13 01:00:00,1.015951
2019-04-13 02:00:00,1.015951
2019-04-13 03:00:00,1.015951
2019-04-13 04:00:00,1.015951
2019-04-13 05:00:00,1.015951
2019-04-13 06:00:00,1.015951
2019-04-13 07:00:00,1.015951
2019-04-13 08:00:00,1.015951
2019-04-13 09:00:00,1.015951
2019-04-13 10:00:00,1.015951
2019-04-13 11:00:00,1.015951
2019-04-13 12:00:00,1.015951
2019-04-13 13:00:00,1.015951
2019-04-13 14:00:00,1.015951
2019-04-13 15:00:00,1.015951
2019-04-13 16:00:00,1.015951
2019-04-13 17:00:00,1.015951
2019-04-13 18:00:00,1.015951
2019-04-13 19:00:00,1.015951
2019-04-13 20:00:00,1.015951
2019-04-13 21:00:00,1.015951
2019-04-13 22:00:00,1.015951
2019-04-13 23:00:00,1.015951
2019-04-14 00:00:00,1.015951
2019-04-14 01:00:00,1.015951
2019-04-14 02:00:00,1.015951
2019-04-14 03:00:00,1.015951
2019-04-14 04:00:00,1.015951
2019-04-14 05:00:00,1.015951
2019-04-14 06:00:00,1.015951
2019-04-14 07:00:00,1.015951
2019-04-14 08:00:00,1.015951
2019-04-14 09:00:00,1.015951
2019-04-14 10:00:00,1.015951
2019-04-14 11:00:00,1.015951
2019-04-14 12:00:00,1.015951
2019-04-14 13:00:00,1.015951
2019-04-14 14:00:00,1.015951
2019-04-14 15:00:00,1.015951
2019-04-14 16:00:00,1.015951
2019-04-14 17:00:00,1.015951
2019-04-14 18:00:00,1.015951
2019-04-14 19:00:00,1.015951
2019-04-14 20:00:00,1.015951
2019-04-14 21:00:00,1.015951
2019-04-14 22:00:00,1.015951
2019-04-14 23:00:00,1.015951
2019-04-15 00:00:00,1.015951
2019-04-15 01:00:00,1.015951
2019-04-15 02:00:00,1.015951
2019-04-15 03:00:00,1.015951
2019-04-15 04:00:00,1.015951
2019-04-15 05:00:00,1.015951
2019-04-15 06:00:00,1.015951
2019-04-15 07:00:00,1.015951
2019-04-15 08:00:00,1.015951
2019-04-15 09:00:00,1.015951
2019-04-15 10:00:00,1.015951
2019-04-15 11:00:00,1.015951
2019-04-15 12:00:00,1.015951
2019-04-15 13:00:00,1.015951
2019-04-15 14:00:00,1.015951
2019-04-15 15:00:00,1.015951
2019-04-15 16:00:00,1.015951
2019-04-15 17:00:00,1.015951
2019-04-15 18:00:00,1.015951
2019-04-15 19:00:00,1.015951
2019-04-15 20:00:00,1.015951
2019-04-15 21:00:00,1.015951
2019-04-15 22:00:00,1.015951
2019-04-15 23:00:00,1.015951
2019-04-16 00:00:00,1.015951
2019-04-16 01:00:00,1.015951
2019-04-16 02:00:00,1.015951
2019-04-16 03:00:00,1.015951
2019-04-16 04:00:00,1.015951
2019-04-16 05:00:00,1.015951
2019-04-16 06:00:00,1.015951
2019-04-16 07:00:00,1.015951
2019-04-16 08:00:00,1.015951
2019-04-16 09:00:00,1.015951
2019-04-16 10:00:00,1.015951
2019-04-16 11:00:00,1.015951
2019-04-16 12:00:00,1.015951
2019-04-16 13:00:00,1.015951
2019-04-16 14:00:00,1.015951
2019-04-16 15:00:00,1.015951
2019-04-16 16:00:00,1.015951
2019-04-16 17:00:00,1.015951
2019-04-16 18:00:00,1.015951
2019-04-16 19:00:00,1.015951
2019-04-16 20:00:00,1.015951
2019-04-16 21:00:00,1.015951
2019-04-16 22:00:00,1.015951
2019-04-16 23:00:00,1.015951
2019-04-17 00:00:00,1.015951
2019-04-17 01:00:00,1.015951
2019-04-17 02:00:00,1.015951
2019-04-17 03:00:00,1.015951
2019-04-17 04:00:00,1.015951
2019-04-17 05:00:00,1.015951
2019-04-17 06:00:00,1.015951
2019-04-17 07:00:00,1.015951
2019-04-17 08:00:00,1.015951
2019-04-17 09:00:00,1.015951
2019-04-17 10:00:00,1.015951
2019-04-17 11:00:00,1.015951
2019-04-17 12:00:00,1.015951
2019-04-17 13:00:00,1.015951
2019-04-17 14:00:00,1.015951
2019-04-17 15:00:00,1.015951
2019-04-17 16:00:00,1.015951
2019-04-17 17:00:00,1.015951
2019-04-17 18:00:00,1.015951
2019-04-17 19:00:00,1.015951
2019-04-17 20:00:00,1.015951
2019-04-17 21:00:00,1.015951
2019-04-17 22:00:00,1.015951
2019-04-17 23:00:00,1.015951
2019-04-18 00:00:00,1.015951
2019-04-18 01:00:00,1.015951
2019-04-18 02:00:00,1.015951
2019-04-18 03:00:00,1.015951
2019-04-18 04:00:00,1.015951
2019-04-18 05:00:00,1.015951
2019-04-18 06:00:00,1.015951
2019-04-18 07:00:00,1.015951
2019-04-18 08:00:00,1.015951
2019-04-18 09:00:00,1.015951
2019-04-18 10:00:00,1.015951
2019-04-18 11:00:00,1.015951
2019-04-18 12:00:00,259.87595
2019-04-18 13:00:00,518.73596
2019-04-18 14:00:00,777.59595
2019-04-18 15:00:00,1036.4559
2019-04-18 16:00:00,1036.4559
2019-04-18 17:00:00,1036.4559
2019-04-18 18:00:00,648.5439
2019-04-18 19:00:00,260.63177
2019-04-18 20:00:00,3.8530965
2019-04-18 21:00:00,1.0313528
2019-04-18 22:00:00,1.0313528
2019-04-18 23:00:00,1.0313528
2019-04-19 00:00:00,1.0313528
2019-04-19 01:00:00,1.0313528
2019-04-19 02:00:00,1.0313528
2019-04-19 03:00:00,1.0313528
2019-04-19 04:00:00,1.0313528
2019-04-19 05:00:00,1.0313528
2019-04-19 06:00:00,1.0313528
2019-04-19 07:00:00,1.0313528
2019-04-19 08:00:00,1.0313528
2019-04-19 09:00:00,1.0313528
2019-04-19 10:00:00,259.89136
2019-04-19 11:00:00,518.75134
2019-04-19 12:00:00,777.6113
2019-04-19 13:00:00,1036.4713
2019-04-19 14:00:00,1295.3313
2019-04-19 15:00:00,1295.3313
2019-04-19 16:00:00,1295.3313
2019-04-19 17:00:00,907.41925
2019-04-19 18:00:00,519.5072
2019-04-19 19:00:00,131.5951
2019-04-19 20:00:00,2.4351108
2019-04-19 21:00:00,1.0157704
2019-04-19 22:00:00,1.0157704
2019-04-19 23:00:00,1.0157704
2019-04-20 00:00:00,1.0157704
2019-04-20 01:00:00,1.0157704
2019-04-20 02:00:00,1.0157704
2019-04-20 03:00:00,1.0157704
2019-04-20 04:00:00,1.0157704
2019-04-20 05:00:00,1.0157704
2019-04-20 06:00:00,1.0157704
2019-04-20 07:00:00,1.0157704
2019-04-20 08:00:00,1.0157704
2019-04-20 09:00:00,1.0157704
2019-04-20 10:00:00,259.87576
2019-04-20 11:00:00,518.7358
2019-04-20 12:00:00,777.59576
2019-04-20 13:00:00,1036.4558
2019-04-20 14:00:00,1036.4558
2019-04-20 15:00:00,1036.4558
2019-04-20 16:00:00,1036.4558
2019-04-20 17:00:00,648.5437
2019-04-20 18:00:00,260.6316
2019-04-20 19:00:00,3.8530943
2019-04-20 20:00:00,1.0313526
2019-04-20 21:00:00,1.0313526
2019-04-20 22:00:00,1.0313526
2019-04-20 23:00:00,1.0313526
2019-04-21 00:00:00,1.0313526
2019-04-21 01:00:00,1.0313526
2019-04-21 02:00:00,1.0313526
2019-04-21 03:00:00,1.0313526
2019-04-21 04:00:00,1.0313526
2019-04-21 05:00:00,1.0313526
2019-04-21 06:00:00,1.0313526
2019-04-21 07:00:00,1.0313526
2019-04-21 08:00:00,1.0313526
2019-04-21 09:00:00,259.89136
2019-04-21 10:00:00,518.75134
2019-04-21 11:00:00,777.6113
2019-04-21 12:00:00,1036.4713
2019-04-21 13:00:00,1295.3313
2019-04-21 14:00:00,1554.1914
2019-04-21 15:00:00,1554.1914
2019-04-21 16:00:00,1554.1914
2019-04-21 17:00:00,1166.2793
2019-04-21 18:00:00,778.3672
2019-04-21 19:00:00,390.45508
2019-04-21 20:00:00,5.279726
2019-04-21 21:00:00,1.04703
2019-04-21 22:00:00,1.04703
2019-04-21 23:00:00,1.04703
2019-04-22 00:00:00,1.04703
2019-04-22 01:00:00,1.04703
2019-04-22 02:00:00,1.04703
2019-04-22 03:00:00,1.04703
2019-04-22 04:00:00,1.04703
2019-04-22 05:00:00,1.04703
2019-04-22 06:00:00,1.04703
2019-04-22 07:00:00,1.04703
2019-04-22 08:00:00,1.04703
2019-04-22 09:00:00,1.04703
2019-04-22 10:00:00,259.90704
2019-04-22 11:00:00,518.767
2019-04-22 12:00:00,777.627
2019-04-22 13:00:00,1036.487
2019-04-22 14:00:00,1295.347
2019-04-22 15:00:00,1554.207
2019-04-22 16:00:00,1554.207
2019-04-22 17:00:00,1166.2949
2019-04-22 18:00:00,778.3829
2019-04-22 19:00:00,390.47076
2019-04-22 20:00:00,390.47076
2019-04-22 21:00:00,390.47076
2019-04-22 22:00:00,390.47076
2019-04-22 23:00:00,390.47076
2019-04-23 00:00:00,390.47076
2019-04-23 01:00:00,649.33075
2019-04-23 02:00:00,908.1908
2019-04-23 03:00:00,1167.0508
2019-04-23 04:00:00,1167.0508
2019-04-23 05:00:00,1167.0508
2019-04-23 06:00:00,779.1387
2019-04-23 07:00:00,391.2266
2019-04-23 08:00:00,391.2266
2019-04-23 09:00:00,391.2266
2019-04-23 10:00:00,391.2266
2019-04-23 11:00:00,650.0866
2019-04-23 12:00:00,908.9466
2019-04-23 13:00:00,1167.8066
2019-04-23 14:00:00,1167.8066
2019-04-23 15:00:00,1167.8066
2019-04-23 16:00:00,1167.8066
2019-04-23 17:00:00,779.89453
2019-04-23 18:00:00,391.98242
2019-04-23 19:00:00,5.29651
2019-04-23 20:00:00,1.0472144
2019-04-23 21:00:00,1.0472144
2019-04-23 22:00:00,1.0472144
2019-04-23 23:00:00,259.90723
2019-04-24 00:00:00,518.7672
2019-04-24 01:00:00,777.6272
2019-04-24 02:00:00,1036.4872
2019-04-24 03:00:00,1036.4872
2019-04-24 04:00:00,1036.4872
2019-04-24 05:00:00,1036.4872
2019-04-24 06:00:00,648.57513
2019-04-24 07:00:00,260.66302
2019-04-24 08:00:00,3.85344
2019-04-24 09:00:00,1.0313565
2019-04-24 10:00:00,1.0313565
2019-04-24 11:00:00,1.0313565
2019-04-24 12:00:00,1.0313565
2019-04-24 13:00:00,1.0313565
2019-04-24 14:00:00,1.0313565
2019-04-24 15:00:00,1.0313565
2019-04-24 16:00:00,1.0313565
2019-04-24 17:00:00,1.0313565
2019-04-24 18:00:00,1.0313565
2019-04-24 19:00:00,1.0313565
2019-04-24 20:00:00,1.0313565
2019-04-24 21:00:00,1.0313565
2019-04-24 22:00:00,1.0313565
2019-04-24 23:00:00,1.0313565
2019-04-25 00:00:00,259.89136
2019-04-25 01:00:00,518.75134
2019-04-25 02:00:00,518.75134
2019-04-25 03:00:00,518.75134
2019-04-25 04:00:00,518.75134
2019-04-25 05:00:00,130.83926
2019-04-25 06:00:00,2.4268053
2019-04-25 07:00:00,1.0156791
2019-04-25 08:00:00,1.0156791
2019-04-25 09:00:00,1.0156791
2019-04-25 10:00:00,1.0156791
2019-04-25 11:00:00,1.0156791
2019-04-25 12:00:00,1.0156791
2019-04-25 13:00:00,1.0156791
2019-04-25 14:00:00,1.0156791
2019-04-25 15:00:00,1.0156791
2019-04-25 16:00:00,1.0156791
2019-04-25 17:00:00,1.0156791
2019-04-25 18:00:00,1.0156791
2019-04-25 19:00:00,1.0156791
2019-04-25 20:00:00,1.0156791
2019-04-25 21:00:00,1.0156791
2019-04-25 22:00:00,1.0156791
2019-04-25 23:00:00,1.0156791
2019-04-26 00:00:00,259.87567
2019-04-26 01:00:00,518.73566
2019-04-26 02:00:00,777.5957
2019-04-26 03:00:00,1036.4557
2019-04-26 04:00:00,1036.4557
2019-04-26 05:00:00,1036.4557
2019-04-26 06:00:00,1036.4557
2019-04-26 07:00:00,648.5436
2019-04-26 08:00:00,260.6315
2019-04-26 09:00:00,3.8530934
2019-04-26 10:00:00,1.0313526
2019-04-26 11:00:00,1.0313526
2019-04-26 12:00:00,1.0313526
2019-04-26 13:00:00,1.0313526
2019-04-26 14:00:00,1.0313526
2019-04-26 15:00:00,1.0313526
2019-04-26 16:00:00,1.0313526
2019-04-26 17:00:00,1.0313526
2019-04-26 18:00:00,1.0313526
2019-04-26 19:00:00,1.0313526
2019-04-26 20:00:00,1.0313526
2019-04-26 21:00:00,1.0313526
2019-04-26 22:00:00,1.0313526
2019-04-26 23:00:00,1.0313526
2019-04-27 00:00:00,1.0313526
2019-04-27 01:00:00,259.89136
2019-04-27 02:00:00,518.75134
2019-04-27 03:00:00,777.6113
2019-04-27 04:00:00,1036.4713
2019-04-27 05:00:00,1295.3313
2019-04-27 06:00:00,1295.3313
2019-04-27 07:00:00,907.41925
2019-04-27 08:00:00,519.5072
2019-04-27 09:00:00,131.5951
2019-04-27 10:00:00,2.4351108
2019-04-27 11:00:00,1.0157704
2019-04-27 12:00:00,1.0157704
2019-04-27 13:00:00,1.0157704
2019-04-27 14:00:00,1.0157704
2019-04-27 15:00:00,1.0157704
2019-04-27 16:00:00,1.0157704
2019-04-27 17:00:00,1.0157704
2019-04-27 18:00:00,1.0157704
2019-04-27 19:00:00,1.0157704
2019-04-27 20:00:00,1.0157704
2019-04-27 21:00:00,1.0157704
2019-04-27 22:00:00,1.0157704
2019-04-27 23:00:00,1.0157704
2019-04-28 00:00:00,1.0157704
2019-04-28 01:00:00,259.87576
2019-04-28 02:00:00,518.7358
2019-04-28 03:00:00,777.59576
2019-04-28 04:00:00,1036.4558
2019-04-28 05:00:00,1036.4558
2019-04-28 06:00:00,1036.4558
2019-04-28 07:00:00,1036.4558
2019-04-28 08:00:00,1036.4558
2019-04-28 09:00:00,1036.4558
2019-04-28 10:00:00,1036.4558
2019-04-28 11:00:00,1036.4558
2019-04-28 12:00:00,1036.4558
2019-04-28 13:00:00,1036.4558
2019-04-28 14:00:00,1036.4558
2019-04-28 15:00:00,1036.4558
2019-04-28 16:00:00,1036.4558
2019-04-28 17:00:00,1036.4558
2019-04-28 18:00:00,648.5437
2019-04-28 19:00:00,260.6316
2019-04-28 20:00:00,3.8530943
2019-04-28 21:00:00,1.0313526
2019-04-28 22:00:00,1.0313526
2019-04-28 23:00:00,1.0313526
2019-04-29 00:00:00,1.0313526
2019-04-29 01:00:00,1.0313526
2019-04-29 02:00:00,1.0313526
2019-04-29 03:00:00,1.0313526
2019-04-29 04:00:00,1.0313526
2019-04-29 05:00:00,1.0313526
2019-04-29 06:00:00,1.0313526
2019-04-29 07:00:00,1.0313526
2019-04-29 08:00:00,1.0313526
2019-04-29 09:00:00,1.0313526
2019-04-29 10:00:00,1.0313526
2019-04-29 11:00:00,1.0313526
2019-04-29 12:00:00,1.0313526
2019-04-29 13:00:00,1.0313526
2019-04-29 14:00:00,1.0313526
2019-04-29 15:00:00,1.0313526
2019-04-29 16:00:00,1.0313526
2019-04-29 17:00:00,1.0313526
2019-04-29 18:00:00,1.0313526
2019-04-29 19:00:00,1.0313526
2019-04-29 20:00:00,1.0313526
2019-04-29 21:00:00,1.0313526
2019-04-29 22:00:00,1.0313526
2019-04-29 23:00:00,259.89136
